	Orwoll_BI0023_BI	Orwoll_BI0056_BI	Orwoll_BI0131_BI	Orwoll_BI0153_BI	Orwoll_BI0215_BI	Orwoll_BI0353_BI
Orwoll_BI0023_BI	0	0.3701851367950439	0.3719282746315002	0.2419339865446091	0.235030472278595	0.2684231698513031
Orwoll_BI0056_BI	0.3701851367950439	0	0.4768573343753815	0.3429801762104034	0.2965413630008698	0.3132076263427734
Orwoll_BI0131_BI	0.3719282746315002	0.4768573343753815	0	0.3818131387233734	0.3768087327480316	0.4305019080638885
Orwoll_BI0153_BI	0.2419339865446091	0.3429801762104034	0.3818131387233734	0	0.1378696262836456	0.1329282969236374
Orwoll_BI0215_BI	0.235030472278595	0.2965413630008698	0.3768087327480316	0.1378696262836456	0	0.139195516705513
Orwoll_BI0353_BI	0.2684231698513031	0.3132076263427734	0.4305019080638885	0.1329282969236374	0.139195516705513	0
